index,real,imag
0,-1,3.19995
1,-1,-3.19995
