real,imag
-1,3.19995
-1,-3.19995
