mode,state,real,imag
0,0,0.954424,-0.298262
0,1,0,0.0106709
1,0,0.954424,0.298262
1,1,0,-0.0106709
